,Comment,Author,Comment ID,Like Count,Reply Count
0,"When you go up against a God, it doesn't matter if you have cheats or not, they will still outperform you. Lets promise to keep all games fair and fun for everyone guys, that way everybody's happy ğŸ’“

Also, good job Riot on keeping the game as clean as it is
",BottomFragger,UgxUVetk2XkhbdbXGCV4AaABAg,1089,24
1,Average wallbanger :),Von Lee Riodan,UgwcoS3gjwY-qRHgL4t4AaABAg,0,0
2,"If Jett And Brim see this, Massive L Bozo, Cope and hard Seething",ConS3rved,UgxSItEPg4N4a7iHJtN4AaABAg,0,0
3,Damn that's awesome ğŸ˜‚â¤ï¸ğŸ”¥ poor  noob hacker jet . Pissed off ğŸ˜‚ğŸ¤™ğŸ˜‚,19 46 61 S Varshith,UgzsPaX64nsBHLFqa7p4AaABAg,0,0
4,wait how do you get ryans spinning color border? 9:40,Gerard Go,UgxEzi0muLd-nwYSyOV4AaABAg,0,0
5,"""You did get match MVP over a hacker though. You should feel proud."" that is honestly so insane.",Zucaroh,UgwO15EmcfSFYWVyISB4AaABAg,0,0
6,"The worst thing is that probably someone at riot was watching that stream and manually did something, their garbage software rarely do this automatically as they advertise. The game ended and that guy was probably on another game already when got hit the banned hammer.",Daniel Gonzalez,UgxG-5mEROHwzpkHKFt4AaABAg,1,0
7,"Dude Odin is so good with tracker agents like Sova,cypher and I am Fade main BTW",Sabyasachee Banik,Ugz-eiIm-SPsXY9aHtB4AaABAg,0,0
8,U actually deserve this lose ğŸ˜‚ğŸ˜‚,Beni,Ugwkmw231wCccFNWPcp4AaABAg,0,0
9,"how do you make your discord pop up like that the voice thingy
PLEASE SOMEONE TELL ME",Aceey,Ugz-U49TyZKLIE0XCAJ4AaABAg,0,0
10,Real talk it easy to wall bang on haven because every corner you see is just a paper,Warpa Kun,Ugzv-Jrhj1fLr15N5XF4AaABAg,0,0
11,they probably checked who they played against after the game and saw it was all streamers and shit themselves panicking about being caught,O1LMc,Ugy0z7281TGEy1GF5-V4AaABAg,0,0
12,"They report someone and they get banned. Me and my friends meet cheaters in dia/asc lobbies and they don't get banned and we lose 30rr
Nice rito for looking out for content creators but not for the other people.",foxy,UgxtpeCj8KWnxXwI18N4AaABAg,0,0
13,Music?,Sakima,UgyJUrz34KO4Pz39sGl4AaABAg,0,0
14,Nice Odin dud,Sh4d0wp0t4t0 1,UgyYUVWGkyHIuuwPGSt4AaABAg,0,0
15,what is the name of the song in the first minutes,Tom,Ugy_264yRNHViJ66ZR54AaABAg,0,0
16,All of you are so good that people Need cheats to beat you lmao,ianti,UgzOE_H2wk7Bsz2WaP94AaABAg,0,0
17,What is a 5 stack,GhostBooHoo,UgzZp0GhTXypFTCd0nl4AaABAg,0,0
18,its always cheaters that call out hacks the most and justify their actions morally by saying everyone else is cheating so why shouldn't they aswell. it's a sad reality of trashcans,Hames,Ugz_p5wLEAaf0JOJZhR4AaABAg,0,0
19,"Yeah if i saw a sova buy an odin at early round, I wouldnâ€™t let that slide either.",Lowk3y 1,UgxWOoV_-huJPSHTCJN4AaABAg,0,0
20,That kids jet won the game but Lost the war,Amreen Hakim,UgzYD7YcuRQXlS4dal14AaABAg,0,0
21,You look like Jason Bateman,Delana Trujillo-Biggers,UgxUBzcez23vN3II_et4AaABAg,0,0
22,These prodigies are trying hard to make people push there limits and skills while all those people do is use hacks get good peeps ğŸ˜®â€ğŸ’¨ğŸ˜‚ğŸ˜‚ğŸ˜‚,Siddharth Raghuwanshi,Ugwt0ZkPQrmjDx_TVMF4AaABAg,0,0
23,I just dont get people who cheat in games how empty and buzzkill person would you have to be to cheat in something that is made for fun and amusement,Akshit arora,UgyMVRVs8uuQwIUXlwd4AaABAg,0,0
24,Interesting that everyone in the comments are telling the guy who was banned how to get back in the game to continue to do this shit. Kinda fucked ngl,HomieNathan,UgyNDM4IUO3T5aBSSaN4AaABAg,0,0
25,How does Reyna not die itâ€™s not like she healed that fast or bought full shield?,FrostyClutch,Ugz2BrXW3YVpeDui2FV4AaABAg,0,0
26,nah theyre all tenz alt acc,British man,UgzMN0oQh7X-LzFbH_F4AaABAg,0,0
27,https://youtu.be/9TVvJUfqmgc watch this awesome gameplayğŸ˜ğŸ˜ğŸ˜ğŸ˜ğŸ˜ğŸ˜ never seen aim like this before,Amar,UgwAJDIbP_LReetsnS14AaABAg,0,0
28,Satisfaction at 100% when they got banned. This guys are clowns,Cooldree,UgzkrPvB-deFBT5ZTqV4AaABAg,0,0
29,That's straight up bullying,nyanphone myintoo,Ugx7voi_o-d6uGrQFlh4AaABAg,0,0
30,"Iâ€™m just thinking, what if riot was wrong and the other 4 has nothing to do with the Jett?",CursedFrost,UgwBAOnDHv9eJBqt7xV4AaABAg,0,0
31,Don't bully to much please ğŸ˜œ,CCTV_Gamers,UgxKLwnoGCUq7JAr4XN4AaABAg,0,0
32,OMG RyanHiga's back?!,á´…á´á´á´,UgyCEZ1ZSYqmed-z9314AaABAg,0,0
33,Enemies so braindead they can't wait 30 seconds before moving from spawn to avoid the odin spams.,Maritha Jones,UgymYMt4sOi3Fe-zAll4AaABAg,0,0
34,dude i love your content but you gotta get a new thumbnail artist ğŸ’€,Novaa,Ugy1rS9GIO6KGk9SnSF4AaABAg,1,0
35,How can silver q up with immortal/asc in competitive?,Vyse,UgwzOCdDgax_FCQF9Cl4AaABAg,0,0
36,My friend is the brimstone and apparently the Jett wasnâ€™t cheating he just turned it up. Idk the Jett personally so some lying could have been involved.,Adam Tanous,UgxLZLxOaYZzvETQTCJ4AaABAg,1,0
37,imo from their perspective i most definitely wouldâ€™ve thought he was cheating. he got A LOT of wallbangs.,Schplek,UgweIp8ZneHBROPGvEl4AaABAg,0,0
38,"Your ending song is sooo good, I donâ€™t know why it is but itâ€™s undeniably awesome itâ€™s /just/ works",Bossy Human,UgxIgZFHniovObL1L7x4AaABAg,0,0
39,how did he know how many days they got banned for,Sumeet Singh,UgwNhPtzNglqxg9aarN4AaABAg,0,0
40,"If the other 4 besides jett are on thier main, i hope they will think twice before getting boosted by cheats since the booster acc is not the only going to get banned potentially",wandering soul,UgzaMgkKoRn0dOF_-tN4AaABAg,0,0
41,that jettt pissed off ğŸ˜†,DEEJAY,Ugz5sVSx1IACoXDGuOF4AaABAg,0,0
42,"Hey Jonas, question, what song is playing around 3:00 ?",Yixulii,UgwyBSxtFUqSuUIf_vt4AaABAg,0,0
43,i felt bad for that jett ğŸ¤§,DNS is here,UgxYFaEwYXbx6xMu5mJ4AaABAg,0,0
44,Lol i know that jett,Jeff Guan,Ugz0cOKaZXWdI0mV7up4AaABAg,0,0
45,Yeah you know what sucks? You win with hacks but still lose to a non hack player in getting MVP lol,Shin Kouhai,UgxyHWyteSFU1tq0iYp4AaABAg,0,0
46,Rather than banning just flag the account so they matched with other flagged hackers. Cheaters should meet better cheaters imo *only*,Lethyas,Ugz-Isg_huo2eUGcLTx4AaABAg,0,0
47,"No offense but people that abuse odin, ares, or 1 tap vandals are pretty upsetting so i can see why the other team is upset, odin is broken and vandal is too lol. No skill really at all lol",codeman90000000,Ugx-D3h1EC7FcoQ-ptx4AaABAg,0,0
48,"I mean you kind of need hacks for this no offense bad game, since riot doesn't improve the game or fix hit registration at all or other problems :/",codeman90000000,Ugz-GZkXnlrc-39bdUx4AaABAg,0,0
49,is that nigahiga?,Kenny Tan,UgyEy2fHTcNCG87BjU94AaABAg,0,0
50,Bro valorant is literally the only game with good report time checks and actually works. Amazing work riot. Thanks for making the experience a lot better.,Lyrix,UgxOX7IdYZe8K1omsgl4AaABAg,0,0
51,nice odin dude,The rich bacon hair,UgykOt6GZbgjbYb7Gvt4AaABAg,0,0
52,WTF DOES GN MEAN,LukeT.,UgyEXb05EhhJriPpvFp4AaABAg,0,0
53,imagine cheating in video games and still manage to lose smh,Nathan Gim,UgzkrVRWSCWqVXfB0tR4AaABAg,0,0
54,Dude you are the best odin player ahahha,Devis Shpati,Ugy3Uh-o7Ph2WtxwErB4AaABAg,0,0
55,"Still think a direct dart hit should do some damage. I mean cmon it's a freaking huge dart tip in your body, bigger than a bullet, and hard to hit anyway so some reward for this ""trick shot"" should be within balance limits. 50/30/15 for Head/Body/legs.",Griffin Hatchling,Ugz02ij07Ap8Gw5nkod4AaABAg,0,0
56,BEEST!!!,ç‹‚ä¸‰ç‹‚ä¸‰,Ugx3DIJqKHx-k9IkmUh4AaABAg,0,0
57,When you watch this video I want you to notice who accuses who of cheating. Its always the cheaters that throw out cheating accusations bc they know its possible and its easy for them to cheat so they assume the other player has to be doing the same thing.  Where a casual player who doesnt know computers that well wouldnt even think someone is cheating as a first option they would just think they are better.  In that casual players mind it is hard to cheat and easy to get caught so to him it not likely that his opponents are cheating  but more likely they are just better or if its a new account they will assume smurfing.,a------------,UgwscKFG-WtY3B05T0h4AaABAg,2,0
58,"i respect that sova odin is a legit strat on some maps, but it is super tilting to play against and i feel like riot should nerf the odin",MarshmellowBoi,UgxyAANAyHYgHmwVuxp4AaABAg,0,0
59,Bruh Odin with Sova darts are actually cringe af,WackyAlper,UgxliAGJ6LH_gLKHlJx4AaABAg,0,0
60,"I'm a CS player,not a Valorant player but I respect Riot so much for their anticheat. Reporting people in CSGO and having them banned by the time I start my next match would be a dream come true but it only happens after several months in the happy cases where they actually get banned.",Galavis232RO,Ugw-lc7_5MbtxI4wBVd4AaABAg,0,0
61,That guys parents most love him so much.,Can dice,Ugw6KXRGdcHCwNeWHK14AaABAg,0,0
62,"Hey Jonas! Just checked the other team's tracker coz I was curious, but it seems like pheonix and kay/o are still playing games for the past two days. No 180 day ban I guess? Also, even going back to these guys' previous games they had other players/accounts that are getting boosted by cheaters. Should those other accounts get banned too?",Paolo Fernandez,UgxkfDT4Fxt9p6M_LZt4AaABAg,0,0
63,That was nice oding,Daniel Cunningham,Ugxspuk0dgQ5Ci8-ALF4AaABAg,0,0
64,a silver in higher lobby,RanZ,UgyIyaJMdW1ScsIUAjJ4AaABAg,0,0
65,Those guys are actually in a five stack being boosted by a guy using cheats and accused you of cheating. ğŸ¤¢,JustKanji,UgyxHmZRzp5gO9Q7-5h4AaABAg,0,0
66,I remember getting a cheater in deathmatch and im not joking he tried to warm up while aimboting (they got banned instantly while still matching),Someone Hi :D,UgwTX4OqUMv2k0rB09l4AaABAg,0,1
67,"I don't like Sova that much, but this Man... Average Jonas, he really make me fall for SovağŸ˜‚",Ash Ketchum,UgwyweR_xvPxUzQPQ-54AaABAg,0,0
68,This is why I hate sova with Odin so cringe lmao,MarcIsn'tBad,UgyaBsnpL8ytyTgregF4AaABAg,0,0
69,this is probably the most satisfying video ever!! :D,enra,Ugwom6RFrjLe3AkjLSt4AaABAg,0,0
70,gn to that jett,Nemanja Dzedaj,Ugxc851hYEemW8l-vrp4AaABAg,0,0
71,"Search them up on val tracker, the jett actually plays with them using different silver accs to boost them and all of it are banned. Actual cringe lmao needing a cheater to boost your rank. Only the jett, reyna and brim was banned tho, the other 2 didnt get banned",Master Vain,UgynRJzhR3jbNCfVpvx4AaABAg,0,0
72,"I am kinda new to the game , but isnt before playing valorant there is a valorant antiguard system before you even install the game ?? 
Isnt it supposed to identify these hacks or i am getting it wrong ?",janna Jhin,UgxFPoAuQJdBM24FT3R4AaABAg,0,0
73,"*Cheaters getting caught and being called out*:  Chill bro it's just a game. :D
*Also cheaters*: EZ GNGNGNGNGNGNGNGNGN",Kisszuperman,UgzMvOPuF07U0N1Kt-V4AaABAg,0,0
74,"Imagine using cheats and not even getting match mvped, and instead the guy who got match mvp was just a sova with an odin who has a brain bigger than yours",Sickening,Ugw6npTbx2O32Tst6Rx4AaABAg,3,0
75,"Dude, wtf you playing silver huh? Fucking smurf. The kind of player I hate the most.",Akari ç‰ Amano,UgzA2Suxr78Wgba5a_N4AaABAg,0,1
76,"You made them toggle with those wall bangs, ouchie",MrSpartan1997,UgxSncYVUWrUZNXbhsB4AaABAg,0,0
77,Cheating is one thing but cheating against high profile streamer is just dumb lmfao,Aiman Haikal,UgwwyIJg3yxqGkZwFrV4AaABAg,0,0
78,"Jett did nothing wrong lol, yall kids flaming some dude for togling when this npc cant win gunfightsğŸ¤£",Tray,UgwMPd7ffx3GMaf8RIh4AaABAg,0,0
79,i hope valo can tract the cheaterâ€™s main acc and ban it too lol,Its Asteria,UgxV6qB3O0ilAQRBJOl4AaABAg,0,0
80,imagine being proud of yourself winning in valo through the use of aimbot ğŸ’€,Its Asteria,Ugwnm0nZ1hNAmDzpvyB4AaABAg,1,0
81,"Jett: GET OUTTA MY WAY!
Jonas: nah sit down",Koda,Ugz8cQ439QnefLxefMJ4AaABAg,0,0
82,"These people have to be braindead to stand in those spots again and again , they have been in the game from the start ğŸ˜‚",Rachit Hazard,UgxxqbtUbFDCq0tTRex4AaABAg,0,0
83,The only reason I can see people using cheats is they like making the game hell for the one they playing against. Why would you even play a game if you are not plying.,God,Ugy_1gq1CpZaEUL8bX14AaABAg,0,0
84,I was on the stream loo,TomÃ¡Å¡ Nedbal,Ugy4zaI6XWifLzn9LtF4AaABAg,0,0
85,"they dont deserve 180 days, not even a single bit, they deserve lifetime ban too",StayedMage,Ugzq1Nv9SXd7fKr2Lep4AaABAg,0,0
86,"Thought the title was clickbait, actually hilarious.",matt,Ugx1ttGmhwoebGXGxSR4AaABAg,0,0
87,"How am I gonna stop some big mean mother humper from *taking my site?*
Answer? Use a *rifle*
And if that donâ€™t work? use *odin*",Jynx V!xa,Ugw4U_A_mppMvgFMyP94AaABAg,0,0
88,Iâ€™m happy to see Ryan still doing youtube and playing with valorant streamers which itâ€™s cool to think about somebody who I watch as a kid playing with my favourite valorant streamers is cool,Zurp,UgytM_GTcvo1T-FxITB4AaABAg,2,0
89,"Iâ€™ve had 5-6 people obviously toggling past couple days, all boosting others. Theyâ€™ll be down a few rounds and then suddenly start running down main hs spraying down the team or start to tap through walls and smokes. Many reddit threads saying same thing, new cheat must have dropped. Complete epidemic of degenerate cheaters lately.",Fireblaze683,Ugw6PfNMAYVNnggCJyd4AaABAg,0,0
90,But did u get positive rr after the ban or not?,lukacoolz,UgzKmv2u6ShHSotkBLJ4AaABAg,0,0
91,Sure I'd get salty for getting wallbanged at the start of the round with an odin but I wouldn't call hacks as those are just where people are commonly when the round starts lol,GKH Playz,Ugyt3bpOlVbVQvgCHRt4AaABAg,0,0
92,"Bro just a friendly thought or more of a suggestion, i know my sayings dont count and many of them are gonna get pissed but pls pls pls dont use odin, as a viewer i really feel pissed becoz i hate odin myself, this video just triggered me, no hate though but still the fun i get watching u popoff in vandal/phantom through skill is of no match. At the end its your decision only.",idk_man,UgwU5iU1nNDrtoU6eRN4AaABAg,0,0
93,He has many insane lineups and wallbang spots respect,Nutei Hauhnar,UgyYqWZoEyO8_bGrPwJ4AaABAg,0,0
94,Well u know the truth is the game is not balanced agents maps everything is massed up and totally luck game is being  played I m happy that they won the match actually I mean where the aim where is the interaction or aiming in those wall bangs just some random sprays nothing else I don't think he did wrong by hacking,nishkarsh sharma,Ugz-w3DZyYGUgkg31BN4AaABAg,0,0
95,cringe odin user,Joum,Ugz8WKUfzMYcvmYuryN4AaABAg,0,0
96,"jonas has reached a point where he's just too good at wallbanging
that a actual cheater thinks he's cheating lmao",SJ Gaming,UgzM2-lPMyAAuKstQ7d4AaABAg,0,0
97,At least riot should give yall 30rr for losing to a hacker. Compensation man,Icy Tzy,Ugyi9vA-IBe62WBtjRV4AaABAg,0,0
98,What is ur sense?,Rodrigo Santos,UgwYYPc6yhxrQGmpgwd4AaABAg,0,0
99,This is the perfect skinchanger I'm not afraid of this word,â€¢GABYâ€¢ GAME,Ugw02L_kYVeJ_NgoygB4AaABAg,0,0
100,"i dont understand censorship in valorant videos, everyone who plays is at LEAST 13 (with rare exceptions)",Bryce Innerst,UgxHMhc_yiuk2NbD8Z94AaABAg,0,0
101,"4:15 
I didnt know the recon sticks to phoenix after killing his ult lol. Is that a glitch",Khan Mahi Jyoti,UgzC3fr_3DI0xi7TcQR4AaABAg,0,0
102,i guess the match ended and the Jett knew he made a mistake xD,TiqZ | Aaron S. ,UgwUi09-TwcJV0acBrx4AaABAg,0,0
103,ngl tho... after seeing myself dying to an odin every round with the same guy would be INFURIATING... but tis the game of valorant... keep playing honest and fun ya guys!! Don't cheat,Percival Long Name,UgzHsxffhM18Dzgln_l4AaABAg,0,0
104,"you should change this title to ""nice oding"" xD",Hdicode,Ugwvzo5siWFGgGGJ73B4AaABAg,0,0
105,Average Jonas you can will be awesome mathematician...ğŸ‘,Vanquisher,UgwtnGrJjo6k1NrJJOt4AaABAg,0,0
106,RYAN HIGA?!?!?!?!?!,Kai,UgwCqQaskmtvUFZy9Np4AaABAg,0,0
107,let's go with oooooding,Psycho Arash,Ugzh1ko1-P6yTbNZ-1x4AaABAg,0,0
108,10:35,DENÄ°ZOSHOTO,UgwI97lgKQyMV-aqorZ4AaABAg,0,0
109,"These are the songs that averagejonas uses in his vids 

https://youtu.be/976bzfeA-oo

https://youtu.be/4LwOORBqI40

https://youtu.be/oxKFstfGhTM

https://youtu.be/5fck54DeRRc",Mighty Production,Ugzq-Us3SlwcSwrjVCV4AaABAg,0,0
110,Valorant is the only tac shooter game that bans cheaters this fast and honestly riot needs some credit for it.,Mazix,UgxSwp8bvYO7yreGifd4AaABAg,0,0
111,honestly averagejonas might be the only youtuber i wont be mad at if he pulls out odin third round bcos he actually is cracked with it,Marco Oh Tah Yew (Student),UgzKcmaGLbQCiLt7N794AaABAg,0,0
112,"In my entire 15 year career of tactical shooters, I used cheats ONCE on a community server on CSGO to test what it actually could do and everytime I got a kill, a message appeared in the chat saying which cheat I was using ğŸ˜‚ I cant imagine what kind of people actually use them and do schemes like these guys just to rank up in a game knowing they'll never even be able to perform at those higher ranks properly.. How can they even enjoy the game knowing that they didnt earn their rank?",Cool Squirtle,UgyrR_0_jOFfg2zjiHZ4AaABAg,0,0
113,Whenever Jonas has an Odin u better believe there is gonna be some wallbang kills,Kevin The CloneTrooper,UgzK3KqQOey0gsiVEBp4AaABAg,0,0
114,"https://www.youtube.com/watch?v=bkeaWeUH7K8
Check out my first video, I edited it myself, what do you think?",BiGBiGamePlayS,UgxUHs_tOokAx2xKS5d4AaABAg,0,0
115,We have same odin,Nathan Angelo Uy,Ugxae-m7Zr8eCmMQ3Lh4AaABAg,0,0
116,8:52 Jett hits a headshot as if he knows the player is here and exactly the next second we can see reyna's perspective where phoenix hits a headshot as if he knows where the player and where his head is going to be and both Jett and phoenix reaction time is exactly same!,BlackBurn,UgxIUUnBXu9qU0h-gsh4AaABAg,8,1
117,what is the theme used in the beginning of the video 1:00.  (music in the background),Abhay A,UgxzP3DoOuyY_oQn1hh4AaABAg,0,0
118,"Those guys are terrible why did they think Jonas was cheating cause they got scanned then wallbanged every round or just ore firing default walls at the be beginning of the rounds when he's literally playing sova, how do people get up in that rank",Jordan Lanouette,Ugzeju4JUDzFFeuIBgV4AaABAg,0,0
119,We love you hacker!,MasterBoyPlays,Ugx5GvlKhYlmWXwQEyh4AaABAg,0,0
120,I don't like Odin abuser that's all and toxic and instalock  k 0 d 1billion A0,Markuz YmmaÃ±uel Castro,UgwDwrZdOZvIjO9jrhl4AaABAg,0,0
121,Watching Jonas using an odin makes me wanna buy an odin more often...,VAL IzzyIs,Ugwg9JGjhz1l0Jbog-F4AaABAg,0,0
122,How is the Jett sliver and is able to play with the higher elo players you can see this at @9:28,Shrey Naik,UgzEqPp6HkJjkDGocPB4AaABAg,0,0
123,"whats the name of knife you use?its kinda cool,i'd like to save money for buy that knife",Isna,UgzfQBsQlvM4POCae2V4AaABAg,0,0
124,I really want to see their face rn tbh ğŸ˜‚ğŸ˜‚ğŸ˜‚,é­”ç‹,UgxYJPShYxRf2QPAc_x4AaABAg,0,0
125,some of them were immortal / diamonds lmfao. yall wanna give them an L chain?,Nyx,UgzmNZ_WWFQZi085IZt4AaABAg,0,0
126,Becaz of this video Im playing odin too much,Choi Chingis,UgxC1e6jgM7L-KddJtR4AaABAg,0,0
127,I definitively love you even more when you play wallbang odin,HighQueue,UgyNb07ARjvpk3j4LB14AaABAg,0,0
128,"I wish i could look at the jetts face when he found out the account has been banned along with the others.. i bet they'l be like ""i got banned ? wtf"" a typical sore loser. Thanks Jonas, kinda satisfying to see hacker got banned :)",Fical Faruq,UgxbQw2vTitx8i_6Wkt4AaABAg,0,0
129,give that jett a night night emote,å‘å¾®çš„é­ˆå¨,UgwvpK0Hr4YTuGbxTcJ4AaABAg,0,0
130,actually the best odin player ive ever seen,Elixir,Ugy93HPNwYsugF56qRh4AaABAg,0,0
131,"Jett was literally crying when you were doing big brain wallbang with Odin. After that, he got banned for using hacks. Epic video.",Sean A,UgynaBnCsSgmkNNYLRR4AaABAg,0,0
132,"I used to play Sova A long to wallbang main but because of you, i want to play Odin B Mid Garage......",Aiikun,Ugyb1CR3yQIwmbslCHt4AaABAg,0,0
133,You're so good you made the hacking team think you had hacks of your own lol. Keep up the good stuff Jonas.,AlexLun,UgwfsZ4oULnH3QxN2YF4AaABAg,0,0
134,nice oding dude,AETHR505,UgwC3j7B2xzrRzxQThF4AaABAg,0,0
135,Is that the shrood shrimp gf,Mihir Kardile,Ugxyi6blLCZH1usQk3V4AaABAg,0,0
136,i started maining sova after watching his vids and ihave been getting so many shock dart clutches killles,ALMIGHT PUSH,UgwHl2iGoMk9Hq7e4WF4AaABAg,0,0
137,Average Jonas hi it's me in your live that you react to the clambing thing,Karl brian,UgwfmkyllIpzkMvSzAN4AaABAg,0,0
138,"Its kinda unfair having a cheater on the enemy team,  its awesome how pro players know how to get rid of them",Allan Masanegra,UgxGGyucg1wNP7Xp8yh4AaABAg,0,0
139,"Imagine getting pissed because you keep getting killed due to your own lack of game sense lol
I hope they see this video and realizes that you're not cheating, you just have superb sense! ğŸ˜‚",Rei Ryomen,Ugz3gLrhNM9zj34rlFt4AaABAg,0,0
140,Nice oding dud,EWithNoE,UgzTDG3zIf30U1broLZ4AaABAg,0,0
141,ive made like 2000 off of cheating in this game and ill continue to cheat no matter what lmao,J,UgxwDrmBQ0eFUuxzTDF4AaABAg,0,1
142,as funny as it is my limits would have been severly tested if i went against yallğŸ˜‚,jai,UgzO6MRNOfpW6F3G6XN4AaABAg,0,0
143,Riot accepted your reporting but how about your exp jonas? Still minus?,HOMARU,UgxlDTwCM7ar3daxHNp4AaABAg,0,0
144,you should use prime odin blue color,z647s,UgwGo8wAN0Ip8Wp28EZ4AaABAg,0,0
145,Literally just saw this tiktok. And now this video is on my front page.,Trey Strickland,Ugyu3QIxMOER4jsyst54AaABAg,0,0
146,Does riot give back the lost rr if the report was proven even if the game is already finished or nah?,harry agumo,Ugz7WSXMHE2eAOWaHcF4AaABAg,0,0
147,Jett got shit on by that hardware ban,Cyrus Dominic Banares,UgwB9W3bo9gv3-6CLnl4AaABAg,0,0
148,"Had a toxic cheater in my game like this, laughing at me and my teammates, bragging how â€œgoodâ€ he was. 






Fortunately, our report went through before the match had ended. WE held the last laugh.",Kurausu7,Ugw77XiZRhllVsknJ_V4AaABAg,0,0
149,As A riot employee at Singapore that tests cheat or bugs I'm sorry who i play against well I'm still stress testing valorant. Just remember that vanguard isn't a automatic ban it doesn't detect cheats it scans your pc if someone reported you. Just ask away happy to answer your questions,Llyon Nel,UgwelTV6pIK9SXkTw4l4AaABAg,0,0
150,"Dude I was on duty when we received your ticket. And I was like ""OH SHIT ITS JONAS""

The moment we saw your ticket about these players we watched this video and banned them. ",Chris Roux,UgyKQEoRIO8yXKt1Kj14AaABAg,2,3
151,"not gonna lie bro 
when u play odin for winnin' 
u start being cringe a bit maybe....
nah i'm kiddin' have fun it's a game",xClover,UgyNw24iVlRWcpSwJqJ4AaABAg,0,0
152,"wait at 14:16 did phoenix carried your dart to his respawn point ?
this is good",Durarda,UgzNnjh72zPcAVIjgMp4AaABAg,1,0
153,Wouldn't be surprised if Odin gets nerfed ( just slightly,Abdumalik Uzakov,UgxqET9fB7oPuHY8OEp4AaABAg,0,0
154,"are cheaters getting more rampant now? havent played since march due to working on my thesis, seems you have to report them before the get ban?",Katsupoy,UgxEnTD5cjZRV9TY_4F4AaABAg,0,0
155,Imagine getting so destroyed that you have to turn hacks ON..ğŸ˜‚ğŸ˜‚ğŸ˜‚,Niraj,Ugyxi73bhYjAkjzFRZV4AaABAg,0,0
156,How is spamming fun,Sashwat,UgwgV_sttgy4JxAOpSd4AaABAg,0,0
157,I wish riot change it to ip ban not just account ban for hackers,Towinel,UgyXDtzp609PBKE_dvl4AaABAg,0,0
158,Do these wall bangs Jonas uses work with vandal and phantom? (New to valorant),Konsulge,UgzuLziUVzODhXlDXMJ4AaABAg,0,0
159,I love watching Jonas videos but I would definitely hate to play against him.,Konsulge,Ugyd1EnQSeEtp6WuoCF4AaABAg,0,0
160,"It's so annoying how cheaters are rampant lately. I'll be frank and say that the combination of Valorant getting mainstream popularity and it being Summer break for school kids, is the reason for all these cheaters. It's so annoying that these children are ruining the game for everyone.",Jaakeup,UgxuH59NVGX08l3KlLt4AaABAg,0,0
161,ThIs literally happened to me yesterday. Cheaters are starting to get out of hand,Bob JrChan,Ugx1ucK4lmMBdZjO56N4AaABAg,0,0
162,Some bronze lobby gameplay let's go,Rahul Roy,UgxR5GVrbCDITSpmXpR4AaABAg,0,0
163,Gn ez jet ğŸ˜‚,Noxius Skull,Ugw7Dl7pYtJZZUYkLsp4AaABAg,0,0
164,Who saw this live?ğŸ˜‚,OMG FPS,Ugwvmc6DR5nt9KaXo5t4AaABAg,0,0
165,I hope the game returns the re they just because of losing against cheaters,Rithwik Joseph,UgwJxq1RPACISu1xust4AaABAg,0,0
166,Why are u gay ğŸ˜‘,Abid,UgxN5_C7ZoDyO0nFWk54AaABAg,0,0
167,Satisfaction lvl if I ever get this >>>>>>>,Natsukashii,UgyH9A-VF3vutJ4eIbh4AaABAg,0,0
168,the funniest video from u ğŸ¤£ odin gang,Cipher Pol,UgzZ4irrtLP5oocym9V4AaABAg,0,0
169,Those guys never adapted to the Odin spam mid. Literally mad cuz no gamesense,Hank Tsui,UgxxSwTOqvEchuywHTB4AaABAg,0,0
170,I was the kayo hhh ğŸ˜‡ğŸ˜‡,å§å§~,Ugy4rQR7_kJVsp-rZnB4AaABAg,3,0
171,nice oding dud,madison,UgxxBizFApKPIwR0eB54AaABAg,0,0
172,I saw this match on twitch it was rollercoaster,Kshitiz Kumar,UgwerQ7Ky_ud0Hhsfzd4AaABAg,0,0
173,AverageWallbangJonas,Jupa Erian,UgzYMPvn2sYJ5N9tQUp4AaABAg,0,0
174,ryan Higa wouuut,Akmal Danial,UgwNBRkbAFQjMx8hDot4AaABAg,0,0
175,"Lmao get clapped Jonas, Xentro on Top !",Tiz Wiz,Ugz9a-OOi7DX4ZR5U_V4AaABAg,0,0
176,I Will be sova main no cap,Aleksa Stankovic,Ugxl5RkN9ek6Jcn2FBJ4AaABAg,0,0
177,Just desserts,phrixi0n,UgwmTL7YkFGjCpe7u9B4AaABAg,0,0
178,"When the jett says ""Gn ez"", i know jonas and riot will use the uno reverse card ğŸ¤£",Kevin Mendrofa,UgzGYRDKg3HXnNLIjEt4AaABAg,9,0
179,Lmao the ultimate clickbait title thatâ€™s not actually clickbait,LB_Slade,UgzIv9EpijaDUT16rFB4AaABAg,0,0
180,I would rather lose rr by playing honestly than winning rr with cheats and self deception,Gamer,UgxymfaXSVkXhVPRNMx4AaABAg,1,0
181,Hope the Jett and their team felt embarrassed when they saw they called AverageJonas a cheater ğŸ˜‚,HantsGaming,UgzQYfjxb3mmo0IHIN94AaABAg,0,0
182,"Top Elo tilting too over an Odin. imagine us in a low elo kekw, can't really aim plus that gun exist",Dhfa 10,UgwvyN5WvtOlFHbLQlh4AaABAg,0,0
183,Seeing those people get banned really made my day. Get shit on.,Jared Julio Go Mendoza,UgxOebFGWyldYaP0HsN4AaABAg,1,0
184,rip the elo tho,Darkawolf X,UgwGYSxG8SeprFwH6DJ4AaABAg,0,0
185,10:35,XXX XXX,UgzKYoJyxsvBCURhXA54AaABAg,0,0
186,Lmaooo I made 400$ for boosting them and hopped on a alt account 10 seconds later and started doing it again,XR _,UgxJdCddADZOhkS4x214AaABAg,0,0
187,"Brooooo the Jett player deserves that ban, really, it's always headshot, tf is wrong with that player, but, on the sidenote, I gotta learn those Odin wallbang, gonna put that on my notepad, thanks AverageJonas!",Drein,UgzhJ0an1XAZEv45Z2R4AaABAg,0,0
188,"They go the same way every attack round, get caught by the same Odin spray every attack round, and somehow it's cuz you're cheating and not because they're the most predictable team in Valorant. ğŸ˜‚ğŸ˜‚ğŸ˜‚",Crystal Cali,UgzZMtl4zluImuhJbxh4AaABAg,0,0
189,Pls teach me line up pls,Kaka Jolly,Ugz2u1TwobLplBPjGK14AaABAg,0,0
190,Thats why I love riot banning system LOL,Neroxi,Ugxv_mH4kRaN4byZZQl4AaABAg,0,0
191,Nice odin dude,Ich_mag_kekse,Ugyhfq3Zk4NRw-puU1R4AaABAg,0,0
192,Can't believe the cheater had the guts to say GGEZ.... I mean it is easy when you have literal code helping you,Skyler White,UgxurgSyX3JWABNraj54AaABAg,0,0
193,"Cheaters are hopeless, even touching grass won't help",gtorrance,Ugzs6xy1RZkbgTg-AE14AaABAg,0,0
194,"Sova: literally has 3 abilities which are wallhacks
enemy team: cHeAts",Swarnim Marathe,UgysMW07JjkWHCkVVv14AaABAg,3,1
195,W,Luis Martinez,UgwnyReW-W-4eyvKGe14AaABAg,0,0
196,"Glad youâ€™re having fun, brother. Even when a cheater appears, you keep your cool. 
Iâ€™m digging those wallbangs on Haven!",Gerardo Garza GarcÃ­a,Ugxd0Y3FOjZE61LWX0h4AaABAg,40,0
197,"I can't imagine cheating, but if I did and I was wall banged so many times that I couldn't even get a kill, I would be fuming lol.",mike sposite,UgyYvZQWGxTWvBy1ndp4AaABAg,4,0
198,Didnt know cheaters still exist on valorant that silv dude tho,Christian Manguerra,Ugxj-97W2xO_y0EAGyx4AaABAg,0,0
199,Not gonna lie but seriously i feel bad fo enemy Jett ğŸ¤£,Nithil Gamer,UgznrIWb-SIsbrfmTmt4AaABAg,1,0
200,the outro is buzzin,Promaxd,UgwaQUlgNrqnMrfFsId4AaABAg,0,0
201,Interesting did Jonas got his RR back for losing that game,randomkzable,Ugy5eDvTdWM9hR4vPUR4AaABAg,0,0
202,"I had an unfortunate game of meeting a cheater in unrated!!! Unrated of all places lol, seems like currently thereâ€™s just more cheaters for some reason",Valgient,UgwD87oMuBIAnQpY_lJ4AaABAg,1,0
203,"THIS SAME THING HAPPENED TO ME YESTERDAY I was 5 stacking with some friends and the enemy Jett dropped 48 kills with a 67% headshot rate while EVERYONE else on their team was negative. We all reported him and he got banned shortly after the game, not sure if we got our RR back though",Antics,UgzIvjJjf_uIH4i-7dJ4AaABAg,144,4
204,4:15 lmao the recon on the phone is and it scanned his teammate when he went back lmao ğŸ˜‚ and,Quantumfruitz,UgwO3hdPyJ8snj4uqxJ4AaABAg,0,0
205,"This video was already good because of the insane wallbangs, but it got even better because of what happened. You love to see it.",Cheem Games,UgwmYu7fRmKOn0jPCx14AaABAg,0,0
206,"odin abuser, fkin gay af btw",Salmonz14,UgzfWLmfkW8rcU5H-5x4AaABAg,0,0
207,Oding goes brrr!,Ega Prayoga Mahardika,UgzPnuSReVyK4g2TC1t4AaABAg,0,0
208,notepad.exe strikes again,Dottyy,UgzbdRjacJRDfHR4LGZ4AaABAg,0,0
209,"I wished i could play in a lobby like that with nobody saying ""odin = gay""",Louisee,UgzoTPIQe8LwAw-hTDJ4AaABAg,0,0
210,This was interesting ğŸ¤£,NephroToxic !,UgzE19KNteB3E_q3SeZ4AaABAg,0,0
211,I'll definitely get annoyed if I meet an odin player like you ğŸ˜‚,Rhenald Karrel,UgwHgA5zsR3GztDJ6Op4AaABAg,0,0
212,"Legends say ""Jett still being wall banged by Odin in her nightmares""",adeel khan,UgyLt1L5bGMrACn20ih4AaABAg,6,0
213,haha my cousins name is cold pickle and i didnt see that it said cold chicken instead.,NinjaMack_,Ugwo9hrsbzvqevpjhv54AaABAg,0,0
214,"Remember the early days, when you would see red screens if you played with cheaters. Yeah you don't see them anymore. So either Vanguard is bloatware and it does nothing, or that cheats have gotten so sophisticated that Vanguard is just VAC now.",Louis Chew,Ugy82S5wRvfyyKoJbu94AaABAg,0,0
215,"So funny 
Claims jonas was cheating then turned on their cheats XD 
They always get killed thru common wallbang areas and do they not know they keep getting tagged by darts/drones which is why they get wallbanged",Kioku è¨˜æ†¶ Ch.,UgzbWQBIGRajJSl2NAl4AaABAg,0,0
216,8:53 normal in gold?,TacWulf,UgyhC1ZEfkC61W97aX14AaABAg,0,0
217,"you know the boosted 5 man, are all getting banned cuz of Jonas' coverage",James Sumang,Ugxx_PYowe38GVra0Ox4AaABAg,0,0
218,GN Ez to you too Jett and her team xD,Hiro Yuki,Ugy2fwKAoD9mCfKQnbd4AaABAg,0,0
219,#NiceOding Jonas,Sumit Banerjee,Ugw0ZWwQWWaCL2aNhYt4AaABAg,0,0
220,Finally got to see this video after jonas spilled the beans on the twitch,Armaan ali,Ugx7mNtZRCZ-aSyfSGx4AaABAg,0,0
221,"I'd be mad too if I played against them, but nothing is an enough of an excuse to cheat ğŸ¤·â€â™‚ï¸",Carlo Inciong,Ugy-N4bJoDtez4IO1kx4AaABAg,0,0
222,All love bro,xX - imtenz - Xx,Ugytz2XD0QgmRWFifXB4AaABAg,0,0
223,There is nothing more satisfying than that.,NorseNoah,UgwbXd_xEO1J9eMgAuF4AaABAg,0,0
224,Cringe who plays with odin,stfu,UgzB0ZqsXWgkrIms5sp4AaABAg,0,0
225,jonas keeping valorant save,bjarne bouma,UgyvRUBg11LF-Ybg9Y54AaABAg,0,0
226,"Destroying: end the existence of (something) by damaging or attacking it.
 Jona really knows how to use his words but he also knows how to play sova with an odin",Avo memes,UgyWBnLO78G4Bi0zcJp4AaABAg,0,0
227,Nice outro hahahah,Zephyru5,UgxATMfVOFg2Ztky-hZ4AaABAg,0,0
228,It feels so good when they get banned lol,OmarR Ali,Ugzzml6-2UXJXg7W1WF4AaABAg,0,0
229,video ending song is soooo good lmao,Rares Club,UgwJ06TJTfN3gmyR8ph4AaABAg,0,0
230,"Imagine 5-stacking with a cheater, then saying ""gg"", ""gn"" etc. What a bunch of sad people. Honestly 180 days ban is not enough, should've been perma.",Havarr,UgwdTDUVfhDhspFJYfh4AaABAg,67,10
231,So much of spams,Saumyadeep Das,UgygklXWVluAdYhVGxJ4AaABAg,0,0
232,Anjay Odin?,Soul S.,Ugx8osbyDLdDUH2vC4N4AaABAg,0,0
233,Just why cheating,phil_the_phil,UgxripS4AlgHKO-ztnJ4AaABAg,0,0
234,"Justice has been served, I love the feeling of deserved bans",Chester Atienza,UgwV5vOj-OHt-mB29Kp4AaABAg,0,0
235,what's the song at 5:30?,Roxaci,UgxsC4L9KpVGMvSAPKV4AaABAg,0,0
236,"Youâ€™re doing Godâ€™s work, Jonas. And I guess the Devs too....",ITRAtlas,UgxGnOz12gT0EsZI3vp4AaABAg,1,0
237,"I really hate cheaters, y cheating , we just need to enjoy the game",Edrey Reyes,UgyeH-6oOlG4plpsp6p4AaABAg,0,0
238,it feels so good when a cheater gets banned i hate thos nerds,5RoD,Ugyld83e-WhWUKHviRp4AaABAg,0,0
239,wait did you get ur elo back at least,softhusky,UgyDYrnQqtX9dvLaABV4AaABAg,0,0
240,Why tf was the jett trash talking while cheating ğŸ˜‚ğŸ˜‚ my dude is literally trynna suck himself off ğŸ˜‚ğŸ˜‚ğŸ˜‚,Rodmyster,Ugyu9Nw74dmiloLhyCZ4AaABAg,0,0
241,Damn them cheaters got their shit pushed in,Daniel Gavva,UgwvkEzzYHW5e5R8ohh4AaABAg,0,0
242,"Awesome vid as always Jonas, im glad to see the Jett got banned!


The constant spam of ""gn"" and ""gn ez"" at the end perfectly sums up what its like playing in low elo. I know it happens in every elo but I feel like its more in lower where these average ass players think they are gods because they are top fragging. When in reality they just bait you for kills. Insta lock duelists who don't entry and then complain why we arent clutching cause they've died in mid. Then back seat the remaining player whos trying to clutch a 1v3, and of course they cant hear anything cause they are just constantly telling them what to do...... and, every single day I see people being toxic, spamming racial slurs and telling people to go kill themselves. Over a game. 
I feel like I've gone on a bit of a rant.... lol",CookieKaijuPlays,UgwcSbF2qABzofTpq7N4AaABAg,2,0
243,Still when u upload a report on Valorant's Reddit it gets taken down immediately,Ettore,Ugy4Z_i5UjqIyoSNK4B4AaABAg,0,0
244,"I open vid, and first:
Odin Wallbang kill
Me:
Oh fu--",NekoÅ›Poprostu,Ugwfb3XjWuYM_QjAAqJ4AaABAg,0,0
245,That  Odin he is using is hacking ban it,"saifulbrine ,",Ugw6SPlZSEdFoexBmAx4AaABAg,0,0
246,Haha serve em right,ãƒ•ã‚¡ã‚¤ã‚¶ãƒ«Faizal,UgwfEhjYpghpGqnxYI94AaABAg,0,0
247,Do you get the lost rr back?,Chirag Deshmukh,UgwgDFl_cnYOjmxlSVl4AaABAg,0,0
248,4:18 i did not know that if you kill a darted pheonix ult and kill him the dart teleports with him.... hmm find out something new everyday,LiAuN XeNON,Ugx7zmMZ9Hj2-B97QX14AaABAg,85,4
249,This guy is so boring to watch!,Rasmus Eilert NÃ¸rgaard,Ugzrhkc1AoJexIIKnCJ4AaABAg,1,0
250,I saw this live on stream it was glorious lol,Illustrious Hero,UgwMh8VKjpPOXMgFBe54AaABAg,0,0
251,what is the music,Shreyansh ,UgwkN2TS4XSRgUsi1k94AaABAg,0,0
252,"â€˜Thank you for protecting the gameâ€™
They call me Batman.....I am justice",Monsieur Biscuit,Ugx7zH0GumKsoKcPO294AaABAg,32,0
253,the audacity of the jett to trash talk post game when he damn knows hes hacking just infuriates me,hon honk,Ugw-P802zSuhAeWGRcx4AaABAg,46,1
254,that odin play was so cracked i thought you were on cheats lmao..,dreadiody,UgyvEem8vJ8c2RFVY714AaABAg,1,0
255,Nice Odin duddd! Totally average jonad,WaterTeaFan,UgwvM7kruQhhU46PO6t4AaABAg,0,0
256,It's so satisfying that jett got served.. but I feel unsatisfied jonas and friends losing points after losing to those cheaters.,khaizer,Ugw_8MvWTv4d2Pmmell4AaABAg,13,3
257,Nice oding dud lmao,redadouzet,UgyJf--yVuiWJ1J8U0x4AaABAg,0,0
258,Only Jonas can make a hacker think he's hacking and then toggle on his own hacks to counter Jonas's 'hacks',IIAwfulWaffleII,UgyAqY43mbMkZVEJTtl4AaABAg,0,0
259,"Not saying that it justifies cheating but playing Odin every round and wall banging canâ€™t be a fun game :(

If it was a desperate few rounds then I understand but every game and continuing even after demolishing the other team? Overkill dude",Stories Kit,UgwFEXgZ6_6n8b_n3mh4AaABAg,1,8
260,Jonas the Odin demon,Tsuper,UgxU59B46Qz5fW7A6p54AaABAg,0,0
261,Do they get their rr back after the cheaters got banned or is that just gone forever?,ThatGuyYouKnow,UgyVDNYvnp7WVqBkZJx4AaABAg,0,0
262,"Gotta love the cheaters saying ""GN EZ"" when they actually need cheats to win, Jonas just uses lineups and brainpower and makes people think he's cheating.",Nathan,UgwDcqCGneJUQYYYs2p4AaABAg,695,7
263,How ironic. Accusing someone of cheating then your teammate resorts to it over a game. Sad Dx,pr0dz,UgwzQg3-BsxqlmIXFfh4AaABAg,0,0
264,"I jst knew it.. anyways if we report someone whos trolling, are we get message's like that also ? ğŸ¤”",GReV,UgylNULoryEk8TTP7B14AaABAg,0,0
265,"I love that you are trying out odin, when playing with friends rank above mine my aim is horrible relatively so my playstyle changed into wallbanging soft wall and suppressing fire.. i know that you can take it to the next level because i dont know many reconspot as yours..",Arif I,Ugw2N7Wx9vqIy1-Ggy54AaABAg,10,0
266,lets go enemies with the hacker got banned on their main where they spend money on skins XD hope they enjoyed that boost,Dani3lis CZ,UgySX2bUEy7ainR5DWV4AaABAg,0,0
267,"Yuck AIMBOTS ""And his proud winning that"" yuck Jonas play Valorant since the BETA of it HE KNOWS EVERY WALLBANG SPOTS",Jethro Domingo,Ugy20aHlEpgqlErlPfd4AaABAg,0,0
268,Ngl playing sova with odin in any map would probably guarantee a win lol,No!se,Ugw5FsZbxoq5afx0nW14AaABAg,1,0
269,NEVER CHEAT IN THE GAME get banned jett lolğŸ˜‚ğŸ¤£     Cuz Jonas is da professional sova mainğŸ˜¤ğŸ‘ŒğŸ”¥,Jojo FN,UgxFu2JJkpGPVT1YANd4AaABAg,3,0
270,Hey Jonas âœ‹. I loved pimp my lineup and lineup contests. Would love to see them backğŸ™‚,A,UgxH0Esc9uXfWh69xrx4AaABAg,9,0
271,"Hahaha I usually turn on my cheats and play the game lol

You just need to act like you donâ€™t look at the enemy directly or do stupid shit. Made me get through ascendant 3 with no suspicion and the cheats doesnâ€™t get detected as well :D",Vikram Prasad,UgyWya54bQ176SuNX8N4AaABAg,1,1
272,If u solo q and play with cheater u can be ban after this game ?,Ä´Î”ÅÃ˜Å‡VÅÅ½ _,UgxKA4JxckFL2UmK_4N4AaABAg,0,0
273,real gâ€™s saw this live,Vedant Srihari,UgyukdSJFEVzdeKNKi94AaABAg,0,0
274,That phoenix got reconned lol,MT RM,UgzkKd2RIKbt2JFEKJp4AaABAg,0,0
275,I really dont like to see an Odin gameplay. It makes me mad,Jakob F.,UgzNhE5q6lq7ZEkjmLl4AaABAg,0,0
276,"imagine having the audacity to think someone has cheats while one of your premades ACTUALLY HAS CHEATS.

That's a whole new level of patheticness.
Hope these subhumans get hardware/IP bans",Ma3cXyZ,Ugz6t7pZk5s-Ci1oBaB4AaABAg,168,16
277,do you play on iron or what?,Boutis,UgzRcmMMmzkDiX9RGq54AaABAg,0,0
278,"I really don't understand these guys .
I just play games to relieve my stress",Yash Jagtap,UgxXK_Wo0GMiEEvtq3J4AaABAg,0,0
279,ahahhaha cheaters are always a jett or a reyna ğŸ¤£i swear,JoÃ£o Pinto,UgzS3Rq8lRNQUh1BMrB4AaABAg,0,0
280,Wouldnâ€™t the person (mainly hacker) who was banned just create new accounts and do the same shit?,TianPan,Ugw6W7wyMgBGDQdBN4p4AaABAg,0,2
281,i've been in match with a hacker once lets just hope it never happens again,DevilGuru,UgzGtEybxAbfzhwuJlN4AaABAg,4,1
282,"The Jett is proud of winning the GAME... and then later gets BANNED

""gn ez""

Jonas: Cuz I'm a SOVA Main!",Mr Wiz,UgypVlfVhQmEErO2Zy54AaABAg,89,1
283,Great to see the cheater was banned ğŸ”¥ğŸ”¥â˜ ï¸,Siddhartha Ghosh,UgyR2oPl7h4ENBag05F4AaABAg,19,0
284,Did you get your rr back?,Dombuilder 11,UgxX68Pl9J1EsJccqKB4AaABAg,1,0
285,hey jonas really waiting for a duo queue with keeoh,DevilGuru,UgxajwqfyFaIT9t9RnN4AaABAg,0,0
286,so funny that they had to use hack to boost they way up to higher elo is actually just sad,Spiritzs _OW,UgyG6UfUiVpqrldSAhh4AaABAg,1,0
287,Sucks to be the jert,Mainzz,Ugy5mQJCBTE5wQmff9R4AaABAg,0,0
288,Finally this video,Ğ¢Ğ°Ñ€Ğ°ĞºĞ°Ğ½ Ğ›ÑĞ³ÑƒÑˆĞºĞ°,Ugz33Wc38y2nuhnLl5t4AaABAg,0,0
289,sova + odin = AverageJonas,jep,Ugy3-h3v0O_DNM6s4hd4AaABAg,0,0
290,This is the EU way to play they dont know it now jonas u make them use all odin stop it haha,TobiLetsPlay,UgyErzgNAi1SLKlKMqp4AaABAg,0,1
291,Bro they got mad after they died to wallbang with odin like 10 times,Novak Jeremic,UgxuHGpcxOYVb62zFpZ4AaABAg,6,2
292,odin kingğŸ‘‘ğŸ‘‘,à¸˜à¸£à¸£à¸¡à¸™à¸¹à¸“ à¸à¸¸à¸—à¸˜à¸°,UgzfyXwS4XT8yeFbqkV4AaABAg,0,0
293,You have to buy the gay Odin,kocham fortnite,Ugzp9B8I9S9LTz6AN2p4AaABAg,0,0
294,Ngl he just knows the odin spray pattern after this xd,TobiLetsPlay,Ugx1gZpWW45LmCCz00x4AaABAg,1,0
295,"I get now why people think im boosted. My act rank is silver 1, and right now im diamond 2. And every secound person thinks im boosted XD",REDZ W1x2k,UgwZLxGJT6I9Jo6HDpR4AaABAg,1,0
296,"what a good day to see someone got banned, and the best part is, hardware ban, goodluck buying another PC",Shyn,UgzzpSKP776jfOvsW6p4AaABAg,641,37
297,Cheater vs cheater,Zuri Jayrel,UgykHVJVAhsKs1kfm6x4AaABAg,1,0
298,watched this game live lmao - it's so great to see Jett banned,Tomski,Ugyth8wcO4B09iEhtW54AaABAg,63,0
299,Hey jonas do you have a lineup for single sovas ğŸ˜¢,Mishra Ji,UgxNKhG77qJdjtZvKJB4AaABAg,0,0
300,watching jonas makes my brain expand,Mentos,UgxG58fGqGObxwvu4sl4AaABAg,0,0
301,you get way to many wall bang kills ğŸ¤£,Rian Richards,UgxQ6EERAvKIZLl_dUh4AaABAg,0,0
302,Odin > cheat ğŸ˜‚,Kevin MilkuniÄ‡,Ugz44VYIieEyRrcq7x14AaABAg,1,0
303,Yay another jones vid! Sick!,Super_Sentai,UgxGqZJzCFApDToX2R54AaABAg,0,0
304,i really feel it everytime sova say shockdart ğŸ˜”,Ian TheElf,Ugx5fCJR69Zf0QsJ0154AaABAg,1,0
305,posted 9min ago... I'm actually kinda early to this one,Leandro,UgzAyuvk8hK84P7ablN4AaABAg,1,0
306,Man that jett to the L eat that ban idiot,Romeaus Diondre Santos,UgyXctGc7Hw_xzH48cx4AaABAg,0,0
307,hhaha,Ksheer Bansal,Ugyg6HS3aqwmPIifrYp4AaABAg,0,0
308,AverageJonas hacking!?,SwasD,Ugwg1fZsW-OlQDW-P5t4AaABAg,0,0
309,:0,Urahara Haruka,UgyXqDQzKLdj63UMcKN4AaABAg,0,0
310,Love you jonas the best sova in the world ğŸ’™ğŸ’™ğŸ’™âš¡ğŸ¹,Kimo Abd El Ghany,Ugx9gYUJy1U5P-T2D_d4AaABAg,0,0
311,4 :30 upload POGGIES,Beluga is on discord to much,UgzrO_5M_p3QLKNkEP14AaABAg,0,0
312,"SHEESH THE ODIN SPAM ON HAVEN OP EVERY TIME LOLL ğŸ˜‚ The lineups are so funny 
I wonder what the other team is thinking when being killed with shock darts",Fighter01q,Ugy415kiiuX8v3Lj_Xp4AaABAg,397,1
313,ğŸ¥µğŸ¥µğŸš€,Paramjit Mane,Ugw_u1X1rnKY50mecut4AaABAg,0,0
314,I never get these wallbang kills ;-;,Joel Low,Ugxh_i_iTgxtDRy4r6t4AaABAg,0,0
315,hi sir ive been playing sova since i saw one of your videos sova is a reallyy cool agent and great video too sir!,ItsAGENTRAGE,UgwHor8iKNGzj4giIvt4AaABAg,0,0
316,Second,Alex Mgrath,UgxC84-Wnn0Lr5brSE94AaABAg,0,0
317,Wowo,Samiam_64,Ugz7YUn54IwNGOeUnNZ4AaABAg,0,0
318,Second,Ekonas,Ugx_AxFDNd4of6aT5wt4AaABAg,0,0
319,Holy Moly 1st,Z 3 N I T S U âš¡,UgyKdhge3fjYm5vVQTJ4AaABAg,1,1
320,Wohooo!,The Real Sonic,Ugxx5cFGatL8L3B2a2t4AaABAg,0,0
